model,N samples,MEAN(true mean),MAE(mean),MRE(mean),MAE(std),MRE(std),RMSE(mean),RMSE(std),avg L2(map),mean MMD2,avg pointwise NLL,avg coverage of predictive 0.95 hdi
geo_rbf,1000,0.22586843,0.03792782,0.35013458,0.052771963,0.5143611,0.05224812,0.06341193,0.05224812,0.005096157,-0.11875924,0.86793745
bsatnp,1000,0.22586843,0.022165855,0.18721332,0.021507272,0.20178063,0.03067669,0.026885822,0.03067669,0.0014695224,-0.4710831,0.9281346
emprirical mean constant predictor,4000,0.22586843,0.15080494,0.9619098,0.19277133,1939213.5,0.18137205,0.21953201,0.18137205,0.05815723,5072188600000.0,3.3267924e-07
